[
    {
        "make": "Audi",
        "image": "pics/audi.png",
        "condition": "fair",
        "price": "21000"
    },
    {
        "make": "Disney",
        "image": "pics/pixar.png",
        "condition": "superb",
        "price": "50000"
    },
    {
        "make": "Buick",
        "image": "pics/buick.png",
        "condition": "great",
        "price": "15000"
    },
    {
        "make": "Ford",
        "image": "pics/ford.png",
        "condition": "poor",
        "price": "5000"
    }
]