[
    {
        "VisitId" : "1",
        "PatientName" : "Hughes, Donna",
        "ImageUrl" : "http://cis-linux2.temple.edu/~sallyk/pics_user/claudia.jpg",
        "MedRecNo" : "TUN143981",
        "Description" : "Office Visit",
        "VisitDateTime" : "2019-09-06 10:35:32",
        "Diagnosis" : "Patient Office or Other Outpatient Services",
        "VisitCharge" : "154.950",
        "webUserId" : "2",
        "webUserEmail" : "services.s@gmail.com",
        "webMembershipFee" : "4.95"
    },
    {
        "VisitId" : "2",
        "PatientName" : "Martin, Elizabeth",
        "ImageUrl" : "http://cis-linux2.temple.edu/~sallyk/pics_user/rose.jpg",
        "MedRecNo" : "TUN114977",
        "Description" : "Vaccination",
        "VisitDateTime" : "2019-11-06 15:30:47",
        "Diagnosis" : "Influenza virus vaccine",
        "VisitCharge" : "45.000",
        "webUserId" : "2",
        "webUserEmail" : "services.s@gmail.com",
        "webMembershipFee" : "4.95"
    },
    {
        "VisitId" : "4",
        "PatientName" : "Hamilton, Edward",
        "ImageUrl" : "http://cis-linux2.temple.edu/~sallyk/pics_user/tony.jpg",
        "MedRecNo" : "TUN111114",
        "Description" : "Office Visit",
        "VisitDateTime" : "2020-10-12 08:00:00",
        "Diagnosis" : "Patient Office or Other Outpatient Services",
        "VisitCharge" : "150.000",
        "webUserId" : "2",
        "webUserEmail" : "services.s@gmail.com",
        "webMembershipFee" : "4.95"
    },
    {
        "VisitId" : "6",
        "PatientName" : "Pearson, Ella",
        "ImageUrl" : "http://cis-linux2.temple.edu/~sallyk/pics_user/rose.jpg",
        "MedRecNo" : "TUN559116",
        "Description" : "Vaccination",
        "VisitDateTime" : "2019-11-06 15:42:21",
        "Diagnosis" : "Influenza virus vaccine",
        "VisitCharge" : "45.000",
        "webUserId" : "2",
        "webUserEmail" : "services.s@gmail.com",
        "webMembershipFee" : "4.95"
    },
    {
        "VisitId" : "8",
        "PatientName" : "Jennings, Ada",
        "ImageUrl" : "http://cis-linux2.temple.edu/~sallyk/pics_user/sally.jpg",
        "MedRecNo" : "TUN922629",
        "Description" : "Office Visit",
        "VisitDateTime" : "2019-12-23 14:21:59",
        "Diagnosis" : "Patient Office or Other Outpatient Services",
        "VisitCharge" : "150.000",
        "webUserId" : "2",
        "webUserEmail" : "services.s@gmail.com",
        "webMembershipFee" : "4.95"
    },
    {
        "VisitId" : "10",
        "PatientName" : "Clarke, Jeremy",
        "ImageUrl" : "http://cis-linux2.temple.edu/~sallyk/pics_user/tony.jpg",
        "MedRecNo" : "TUN111120",
        "Description" : "ED Visit",
        "VisitDateTime" : "2020-01-01 00:01:06",
        "Diagnosis" : "Emergency department visit for the evaluation and management of a patient",
        "VisitCharge" : "2000.000",
        "webUserId" : "2",
        "webUserEmail" : "services.s@gmail.com",
        "webMembershipFee" : "4.95"
    },
    {
        "VisitId" : "3",
        "PatientName" : "Rutherford, Amelia",
        "ImageUrl" : "http://cis-linux2.temple.edu/~sallyk/pics_user/sally.jpg",
        "MedRecNo" : "TUN193741",
        "Description" : "ED Visit",
        "VisitDateTime" : "2019-12-07 22:35:41",
        "Diagnosis" : "Emergency department visit for the evaluation and management of a patient",
        "VisitCharge" : "2000.000",
        "webUserId" : "6",
        "webUserEmail" : "admin.admin@gmail.com",
        "webMembershipFee" : "4.95"
    },
    {
        "VisitId" : "5",
        "PatientName" : "Chandler, Dana",
        "ImageUrl" : "http://cis-linux2.temple.edu/~sallyk/pics_user/claudia.jpg",
        "MedRecNo" : "TUN147765",
        "Description" : "Vaccination",
        "VisitDateTime" : "2019-11-06 15:35:21",
        "Diagnosis" : "Influenza virus vaccine",
        "VisitCharge" : "45.000",
        "webUserId" : "6",
        "webUserEmail" : "admin.admin@gmail.com",
        "webMembershipFee" : "4.95"
    },
    {
        "VisitId" : "7",
        "PatientName" : "Sanders, Jared",
        "ImageUrl" : "http://cis-linux2.temple.edu/~sallyk/pics_user/andrew.jpg",
        "MedRecNo" : "TUN158929",
        "Description" : "Vaccination",
        "VisitDateTime" : "2019-11-06 15:49:02",
        "Diagnosis" : "Influenza virus vaccine",
        "VisitCharge" : "45.000",
        "webUserId" : "6",
        "webUserEmail" : "admin.admin@gmail.com",
        "webMembershipFee" : "4.95"
    },
    {
        "VisitId" : "9",
        "PatientName" : "Allen, Jillian",
        "ImageUrl" : "http://cis-linux2.temple.edu/~sallyk/pics_user/rose.jpg",
        "MedRecNo" : "TUN111119",
        "Description" : "Vaccination",
        "VisitDateTime" : "2019-11-13 09:36:21",
        "Diagnosis" : "Influenza virus vaccine",
        "VisitCharge" : "45.000",
        "webUserId" : "6",
        "webUserEmail" : "admin.admin@gmail.com",
        "webMembershipFee" : "4.95"
    }
]