[
    {
        "webUserId": "16",
        "userEmail": "admin.a@gmail.com",
        "userPassword": "aadmin",
        "image": "http://cis-linux2.temple.edu/~sallyk/pics_user/andrew.jpg",
        "birthday": "1985-01-01",
        "membershipFee": "0.00",
        "userRoleId": "1000",
        "userRoleType": "admin",
        "errorMsg": ""
    },
    {
        "webUserId": "13",
        "userEmail": "busofc.b@gmail.com",
        "userPassword": "eeditor",
        "image": "http://cis-linux2.temple.edu/~sallyk/pics_user/andrew.jpg",
        "birthday": "2002-01-01",
        "membershipFee": "0.00",
        "userRoleId": "4000",
        "userRoleType": "busofc",
        "errorMsg": ""
    },
    {
        "webUserId": "14",
        "userEmail": "documents.d@gmail.com",
        "userPassword": "eeditor",
        "image": "http://cis-linux2.temple.edu/~sallyk/pics_user/andrew.jpg",
        "birthday": "2002-01-01",
        "membershipFee": "0.00",
        "userRoleId": "5000",
        "userRoleType": "documents",
        "errorMsg": ""
    },
    {
        "webUserId": "15",
        "userEmail": "manager.m@gmail.com",
        "userPassword": "mmanager",
        "image": "http://cis-linux2.temple.edu/~sallyk/pics_user/andrew.jpg",
        "birthday": "1991-01-01",
        "membershipFee": "0.00",
        "userRoleId": "2000",
        "userRoleType": "manager",
        "errorMsg": ""
    },
    {
        "webUserId": "12",
        "userEmail": "services.s@gmail.com",
        "userPassword": "eeditor",
        "image": "http://cis-linux2.temple.edu/~sallyk/pics_user/andrew.jpg",
        "birthday": "2002-01-01",
        "membershipFee": "0.00",
        "userRoleId": "3000",
        "userRoleType": "services",
        "errorMsg": ""
    }
]