<?xml version="1.0" encoding="UTF-8"?>
<project-private xmlns="http://www.netbeans.org/ns/project-private/1">
    <editor-bookmarks xmlns="http://www.netbeans.org/ns/editor-bookmarks/2" lastBookmarkId="0"/>
    <open-files xmlns="http://www.netbeans.org/ns/projectui-open-files/2">
        <group>
            <file>file:/W:/Documents/NetBeansProjects/Web%20App%20Programming%203308/HealthSystem/Skomsky_HealthSystem/src/java/dbUtils/ValidationUtils.java</file>
            <file>file:/W:/Documents/NetBeansProjects/Web%20App%20Programming%203308/HealthSystem/Skomsky_HealthSystem/web/index.html</file>
        </group>
    </open-files>
</project-private>
