[
    {
        "webUserId": "4",
        "userEmail": "donald@whiteHouse.gov",
        "userPassword": "whoCares",
        "image": "https://petapixel.com/assets/uploads/2017/01/Donald_Trump_official_portraitt.jpg",
        "birthday": "02/03/1950",
        "membershipFee": "",
        "userRoleId": "2",
        "userRoleType": "Edit",
        "errorMsg": ""
    },
    {
        "webUserId": "6",
        "userEmail": "oprah@talk.com",
        "userPassword": "talk",
        "image": "https://www.iceposter.com/thumbs/G339317_b.jpg",
        "birthday": "06/07/1980",
        "membershipFee": "",
        "userRoleId": "3",
        "userRoleType": "View",
        "errorMsg": ""
    },
    {
        "webUserId": "2",
        "userEmail": "benAffleck@beer.com",
        "userPassword": "beer",
        "image": "https://hairstyles.thehairstyler.com/hairstyle_views/front_view_images/6986/original/Ben-Affleck.jpg",
        "birthday": "",
        "membershipFee": "",
        "userRoleId": "3",
        "userRoleType": "View",
        "errorMsg": ""
    },
    {
        "webUserId": "5",
        "userEmail": "jenGarner@hollywood.com",
        "userPassword": "hero",
        "image": "https://i.pinimg.com/originals/55/08/a0/5508a0d858023e758892f09f35b53c93.jpg",
        "birthday": "04/05/1990",
        "membershipFee": "$50.99",
        "userRoleId": "1",
        "userRoleType": "Admin",
        "errorMsg": ""
    },

    {
        "webUserId": "1",
        "userEmail": "sallyk",
        "userPassword": "p",
        "image": "http://cis-linux2.temple.edu/~sallyk/pics_/sk_2017.jpg",
        "birthday": "",
        "membershipFee": "$123.45",
        "userRoleId": "2",
        "userRoleType": "Edit",
        "errorMsg": ""
    }
]